IP,Number of bytes,Country,Username
73.104.108.58,424,Australia,k6037v9a
28.137.119.56,241,Australia,y7lwx2uf
18.87.49.60,317,Japan,pgtelygd
167.47.137.73,884,India,3qda9h1v
240.195.227.112,998,Japan,zwdu3mv3
16.73.143.17,193,USA,in4a89f8
225.224.206.34,468,France,la49ycab
230.33.33.187,926,UK,zzltz33k
142.68.185.149,538,USA,6ds3dnte
13.105.60.64,821,Australia,j6a4up9z
98.170.242.125,633,Germany,1v87nzh5
77.85.223.110,372,Australia,sbjtvmxq
18.211.99.190,818,Germany,9asvebb0
81.25.14.139,324,India,b0yhp4bi
127.76.22.154,387,UK,e1my71pp
9.254.65.222,329,Canada,abqqp2nj
2.200.118.27,598,France,hzqent1e
151.73.200.168,901,Australia,8i5lydda
185.209.112.180,65,India,9lhtu7x7
75.63.132.169,304,India,w8sph3rb
71.117.61.11,687,Japan,dgt9yjxi
107.165.134.67,907,Poland,xkaruzhj
113.212.148.157,970,France,8xrp8s9u
64.41.63.111,566,Ukraine,b67rjk0l
62.255.202.101,989,Australia,a8hcgb14
130.25.17.200,545,Germany,o1hmcb9w
211.126.197.114,790,Canada,05e1clng
18.18.110.51,342,Germany,x2wxmoc6
142.110.236.239,736,UK,n1rnm8cy
124.241.2.73,587,Canada,yrajeif9
45.142.50.105,84,France,9d3qlndx
110.137.175.193,465,Ukraine,fcjky1na
245.15.172.113,424,Germany,vgdmcz62
184.19.131.9,945,Ukraine,7aozwf2a
6.138.222.176,168,USA,9yctyiq2
188.20.181.227,659,France,2tbr1e8j
196.105.238.10,392,Germany,2l1egscc
183.108.98.50,506,Ukraine,6wyiflqo
103.180.238.198,655,Japan,ht6n89le
61.133.133.139,416,Poland,owprht4p
155.104.204.24,814,Germany,tibxv244
188.10.77.87,7,UK,qwl2ohz4
156.158.50.54,172,USA,4ntv7x51
154.47.68.250,149,USA,bp153quy
13.155.63.91,583,Poland,lxvez6yt
172.50.8.108,582,Australia,z8bu4hn2
175.72.40.191,127,USA,xcb6y8f9
104.108.152.145,297,France,bo3j2i1l
44.11.197.27,478,Ukraine,wqnnqsu3
245.35.74.131,540,Japan,wd3lwso8
61.49.97.19,982,Poland,oevj2qjd
128.213.149.27,605,Poland,ep8czvyd
209.169.10.115,497,India,qcojyjzh
211.58.112.133,374,UK,wvueluin
93.139.28.71,183,Ukraine,bhuig2dw
62.251.76.218,986,UK,7jxlg7ax
121.12.74.72,352,France,wc30kh6h
152.253.114.167,261,USA,u8np4uy3
59.231.113.80,406,France,4cw8i4xj
64.50.82.38,726,France,cogjszli
213.168.149.81,70,Canada,0ppuj9g6
29.130.72.198,513,Ukraine,yona9bf4
52.48.232.96,692,France,sz7v7sz4
98.83.150.69,153,Australia,wkdfzeh2
14.141.220.48,718,Japan,ggz8dby5
122.117.127.69,167,India,u1fg20y1
168.69.247.59,33,Canada,aes6blfq
97.141.115.217,21,USA,scex3w8k
253.192.90.171,991,USA,dbrz80bj
211.42.68.247,315,France,d5gghbfi
239.99.199.163,624,India,cx2tero7
250.147.99.220,368,UK,rwq6f8yr
146.169.121.108,596,Canada,ugrf478t
227.172.77.153,519,USA,27j45l70
40.117.65.60,28,USA,x49l9wfc
245.249.7.98,893,France,3kp2irqw
69.42.152.227,221,Ukraine,j1069pmd
169.175.235.218,787,Japan,lsgtouhw
71.34.121.142,947,Poland,5ri6gmnv
88.225.204.125,219,Germany,c53fv4fg
196.159.58.219,542,Germany,murhh96s
183.130.161.189,962,Germany,fbuqkd0b
182.9.10.13,304,Japan,mmj5b85q
79.79.181.215,114,Canada,wlc27l2z
154.4.177.190,606,India,bjp0qdne
191.245.165.52,137,India,ilx3681c
94.34.101.155,330,Ukraine,78qbdxa3
10.19.40.123,2,Ukraine,wqqwrnag
92.152.9.106,926,Germany,v6nxfz6c
180.97.18.63,461,France,nto26uy7
139.16.234.38,799,India,rpthsap0
129.208.186.55,830,Japan,w2f365vw
69.39.72.209,254,Germany,89h4w1hm
70.19.14.253,654,France,2w40cfvd
229.210.209.49,951,Germany,gth28y36
80.16.120.30,876,Poland,blkji3a4
90.38.222.91,460,Japan,hwei2qpa
2.120.123.249,766,India,nfovhgzt
52.218.245.234,568,Poland,437ml2ea
156.124.184.74,222,Germany,96zyqky7
238.18.222.234,602,Ukraine,z4xbsxgw
29.76.100.150,84,Germany,lmxgq0hm
222.171.165.132,639,USA,008k5o8l
243.25.242.249,334,Australia,1hf7m37h
130.7.109.107,764,France,qijt2xud
66.61.218.233,137,Australia,1xbukhmg
163.213.184.235,480,Germany,vhy49d63
102.55.85.144,538,Australia,xt3x8v0d
95.56.108.84,136,UK,stu3w0wi
64.3.249.54,412,France,wwbx59kl
128.237.210.47,830,USA,g54e9crz
102.163.46.66,762,Australia,tokjsecb
251.236.25.188,251,Canada,ezdjzp84
67.91.216.84,696,Poland,vem266ma
145.115.88.1,716,Japan,9wj673e9
99.25.162.94,918,USA,27336wm6
75.154.122.48,173,Japan,8pnlk9w7
252.114.40.106,984,Japan,vxjp5af8
168.83.183.183,716,Canada,98fdgtgo
239.90.108.55,895,Poland,ysf0j9rb
157.109.174.117,297,India,ic33w32z
151.240.39.199,190,Ukraine,0cm4pki0
238.30.3.227,409,Japan,2twqs61i
201.54.247.119,263,Germany,gdva1ocf
131.30.67.206,142,USA,xptrhxk3
169.113.8.64,704,Ukraine,zi9xhrch
46.149.238.168,938,Canada,eyzlzjt4
226.229.183.254,297,India,zzeluj5g
98.104.99.223,631,France,2f19fbto
26.127.129.68,593,Poland,o8n5b78b
12.223.84.170,540,Poland,ledy9rno
13.97.187.132,660,Japan,8zd4u506
27.215.100.46,444,Poland,k5tu32p2
9.202.100.55,554,Ukraine,cuusv9cn
12.208.50.216,647,Germany,6cqizhbf
128.191.157.175,890,Germany,7nyns5uk
10.42.113.15,869,France,hu717r4k
209.210.182.226,3,Japan,d8rt5cqn
73.220.213.203,16,USA,g9ba1gdv
129.248.161.116,513,Germany,xkssc5bs
195.114.9.39,237,Poland,l3ewipii
216.127.55.216,922,Canada,w2phmpdh
61.146.189.31,789,Australia,n3eb3kus
254.51.243.47,876,Poland,8jqq73na
148.52.231.239,985,Australia,ui8z5ou7
101.104.158.42,13,India,0c8gbug4
129.188.170.139,218,USA,kiivnjpf
146.52.143.28,601,USA,r9nx88wk
69.97.243.13,254,Canada,bytqtnx1
33.207.248.4,43,USA,8r1xy7s3
188.25.237.29,376,Canada,5iyuppfs
247.112.70.49,632,USA,6uq5033v
200.148.40.87,748,Germany,qiuyytx7
111.207.182.55,982,USA,gq1h4qxv
41.63.60.135,285,India,0km8mvyn
92.36.13.198,852,Germany,tv37y2qx
12.89.220.98,913,France,wdl8665k
105.183.164.132,873,France,4ei5i8qu
146.94.74.213,55,Germany,u24mwlmc
222.154.134.133,212,UK,mjf6njxj
115.102.168.192,498,Germany,sh5y5jae
254.211.195.17,835,USA,ofx4et44
145.247.38.254,868,Ukraine,k3e17d0j
46.77.29.154,931,Canada,0pip3q00
104.12.115.82,140,Australia,bpuzauir
132.30.216.81,635,Canada,6znn8x10
119.201.253.33,697,UK,dchg68s9
170.129.113.40,187,Canada,4krqhu2y
133.161.71.33,773,Canada,tynd00pv
229.114.130.153,594,Australia,lu56pyol
152.53.172.85,66,USA,daaae4en
131.113.251.226,642,Poland,gmr47jpb
141.195.116.145,201,USA,q6rg6pva
242.145.85.208,792,UK,3ltc9qye
119.53.46.102,337,Poland,nvm2o1jg
23.137.35.150,351,UK,kx54v9ox
21.70.4.242,634,Ukraine,wy0m0j4k
59.234.8.110,122,France,kofk47ro
46.151.154.61,814,Japan,pneygzke
227.163.148.122,381,Poland,wrqeycos
12.165.211.108,419,Canada,bapnbiif
45.151.219.73,229,USA,kdrt6cnt
91.1.65.64,999,India,0qg07szo
126.173.110.137,487,UK,xrl60fsn
38.119.75.65,908,India,1h6ki1y7
38.183.26.130,439,UK,f7wo5xo9
189.34.16.52,225,France,f6nz5n3d
183.78.121.113,363,Japan,i859m983
226.139.67.128,670,UK,pprvkr6e
53.79.45.145,111,UK,oiw3gl7r
182.52.168.221,441,France,i07jndlt
30.39.66.39,476,UK,ag60w4da
212.9.43.30,853,Japan,k4zlnti8
238.252.198.226,791,USA,6517bde9
181.241.152.68,934,India,1kyw9hrb
249.246.186.212,983,Japan,6d83ybur
99.103.104.250,970,Japan,g7uw3b1a
149.215.96.154,279,Ukraine,gpw6lw1b
108.223.95.76,9,UK,2dxbgs7a
34.252.186.189,411,Poland,lo8or8pj
251.242.235.160,822,Japan,7cm4jnt6
83.11.252.245,511,India,cjtys8lr
139.222.63.10,613,UK,16pbgaiw
182.1.233.171,891,UK,q6te1gm1
99.76.118.176,819,Canada,2u5459f5
69.174.242.172,743,India,211yesh7
7.136.130.240,65,India,sn2f5dpr
59.204.246.15,513,Poland,q4e0k5cf
110.146.69.12,37,Poland,1nayq0ky
171.206.123.109,990,Germany,scvmsxho
71.244.21.28,209,France,dou78d53
56.121.241.40,330,Australia,0zxfzevi
106.60.124.134,283,Japan,wcgs6kke
245.239.118.244,329,Japan,44xgi7xm
119.208.105.152,803,Poland,dtou0oqf
134.24.242.41,517,Ukraine,21uhl6nx
222.148.83.32,786,France,sbvhe65n
118.202.12.107,535,Ukraine,8e3rwnzg
121.56.40.144,633,USA,imjqnox6
122.117.209.123,59,Ukraine,7sr3cusz
200.118.161.154,727,Australia,0zss92wu
200.17.38.31,650,India,xhv1jqlo
93.227.124.96,785,Ukraine,j85qdc1w
144.174.237.46,500,Germany,72x3tryw
201.6.104.225,1,France,25gzp249
116.56.222.92,374,USA,spnvzdph
51.18.80.78,889,France,4hrc3p9z
151.32.169.218,398,Germany,zpbqohev
212.149.83.3,611,Poland,l7wpcild
126.83.250.59,419,India,556gn8pz
164.188.152.63,250,Ukraine,drj1q16w
229.72.171.21,201,Poland,lnozo4fj
38.174.117.195,980,Ukraine,vb717526
249.223.168.239,871,USA,b279buva
76.156.142.215,929,Poland,y8wo6q6g
22.210.167.168,467,India,nij01b63
149.230.18.65,481,Canada,ybxzgma9
60.208.159.30,585,Canada,rm15mm6z
123.74.245.122,685,Ukraine,f48qtw8w
79.80.50.109,315,Japan,w2hxyyhb
251.121.146.180,353,India,yxjcrbp4
211.165.121.91,402,Australia,3q7bqyce
63.154.199.122,942,France,zkcwgg3b
198.71.195.103,160,Ukraine,di9c64rf
184.210.99.78,22,Germany,d75qiki7
223.77.68.209,78,UK,zktao3m1
99.175.99.156,322,Ukraine,uphz3f29
110.230.96.4,276,Canada,u8ttetmi
135.102.195.119,284,Japan,t6oqweew
95.212.57.141,523,USA,wgsgnm1s
87.57.46.51,942,UK,uqvg734t
220.10.84.170,165,Poland,2xbkalnp
36.239.57.209,985,USA,c9hzelxt
228.23.157.171,719,India,uqvs6pea
29.111.27.74,269,USA,30mg6jgo
91.93.77.209,341,Canada,jna6isph
234.130.69.38,214,Germany,gt6utkh9
93.115.95.184,563,France,blcl965v
11.136.18.152,582,Germany,zasfeg0p
195.241.237.4,472,UK,zom1dqjd
220.100.234.120,525,India,nlqpetk1
11.24.227.69,724,Japan,k0vuqqhm
198.93.105.109,144,France,no6a91nv
204.42.43.122,974,Australia,6tn9firj
80.33.37.252,709,France,hmw8gmqm
91.67.181.124,74,Japan,u1zwz1jg
51.114.105.30,805,UK,q6d2zwzx
150.180.152.156,700,Germany,1j2duql0
86.125.112.102,681,UK,0v3ob8ru
36.181.194.72,776,Japan,udeispqt
96.155.12.233,289,Japan,ys7j8qqj
127.185.190.78,404,USA,lzbwcp6a
85.45.194.246,925,Poland,3s5smlbn
66.47.178.118,533,Poland,itshz0zw
8.175.119.245,680,Japan,3bsgclxf
85.131.104.145,638,India,wra4hahy
15.124.70.210,884,Poland,aeb2vte4
191.90.148.126,865,Australia,gmr0e94b
236.179.36.73,834,Ukraine,fcgpuem9
141.54.253.133,903,Japan,vg3bsoin
140.200.137.224,668,Japan,iynhuuue
98.59.36.113,956,Australia,z9b3vgc4
250.16.196.223,639,UK,bxgv14jv
110.35.194.242,881,Poland,vo1zhxh2
189.100.198.142,80,USA,eke8op8v
141.175.142.122,598,Japan,z9lecirr
146.67.165.36,457,USA,4tfporbb
243.167.198.139,959,India,7o8jmntp
228.6.168.235,771,France,oopugatg
67.103.235.103,961,UK,o9fsqry3
166.62.131.155,207,India,g238eejv
210.118.26.75,120,India,i6telkrq
200.78.19.2,341,USA,hx91gfjp
130.134.76.162,804,France,hl8v0fxk
167.142.2.118,458,France,wvlo8i9i
83.173.186.255,575,UK,6x96w2lk
186.197.45.1,830,India,1typul2s
147.42.233.40,24,Poland,73sc3k4c
236.169.167.196,511,Japan,f5474089
122.161.211.42,967,Poland,0q3vv237
67.221.44.132,323,Ukraine,q0nn8k3e
6.117.5.216,530,France,wtwr10hd
236.167.171.90,684,USA,sgn1e1be
77.49.167.82,596,Poland,t3j92rl5
190.154.133.91,111,Poland,7gkma9u7
201.226.254.208,113,Germany,nw7hmlen
221.136.73.100,867,Canada,dyx0zrww
57.243.1.218,333,France,q4pach9w
241.40.59.185,343,UK,vjvkfvj1
104.33.58.253,328,Ukraine,xy00emr4
239.193.179.226,741,Australia,57pt0lbf
55.233.133.126,906,USA,ml38q8dr
199.17.34.87,134,France,og2zx7xi
101.64.12.175,133,Australia,w8fhppnh
36.237.53.6,684,Ukraine,skjfukar
221.71.125.109,941,USA,wxf99xkk
246.84.77.7,266,Canada,ldci1n8q
214.143.248.35,583,Poland,o9gz31yd
251.92.83.98,670,India,vpufshsp
202.255.145.104,252,France,79tbpipz
16.254.130.109,350,India,zft55l18
191.188.170.162,744,Japan,kou9nysk
12.207.147.210,89,Germany,8mawydtq
133.162.133.147,252,USA,vtruat07
165.233.223.217,376,Canada,986frvef
30.173.7.143,957,Japan,b8e01dr2
36.248.199.31,538,India,2o88phbm
209.159.233.32,2,France,9blgcham
38.178.254.240,935,USA,n53kmgsn
54.75.170.21,860,Ukraine,85wisogl
20.84.155.70,816,Germany,yrfgvdh7
162.106.122.17,527,Australia,6e96z2af
151.181.231.139,402,UK,r9kxv75t
192.3.50.126,760,USA,7t2vkwah
22.129.158.194,618,UK,0v7wcw0a
247.19.144.105,598,Canada,9gdze3a3
155.219.220.70,421,USA,ah64pxq0
170.131.4.17,755,Germany,tyuomo31
209.130.122.212,411,India,0iq03c5q
23.5.226.123,558,France,2f01dbk7
48.192.37.87,352,Canada,zdo04r8f
129.180.222.56,771,Germany,wg0nq6yl
43.91.174.75,879,UK,78tzjzn0
19.45.75.87,269,Australia,d3lk8pij
149.158.139.82,778,Canada,i90xfyqf
128.11.162.170,844,UK,wpmnkwfg
87.82.45.221,766,UK,qhfo7dnv
122.143.150.45,261,UK,4cmogmq5
50.7.179.221,408,USA,d7t6urah
171.89.108.242,384,France,rc0u4i6t
81.38.72.85,53,Canada,hr8l2zzy
121.131.3.204,679,Germany,pzcvplcu
6.249.114.161,517,UK,63p96url
65.81.96.199,690,India,ztbtqn2y
79.192.161.165,441,Ukraine,dpdmshhx
217.46.104.240,117,Germany,ema9y39p
107.96.210.80,272,France,ewcd5wpw
119.242.91.52,195,Canada,8npzlfsy
138.238.230.145,295,France,udds2a7q
55.144.26.219,69,France,w8m92mw3
221.150.241.229,907,France,18s978b1
211.10.97.154,981,India,pte2nwdp
73.205.218.79,385,Canada,d24mdop2
14.225.209.195,738,India,6h08hdq1
164.66.8.49,8,Australia,mxx4vbeh
144.36.100.180,691,Ukraine,jbx5evd4
21.84.195.197,659,Ukraine,8njgx02r
111.186.57.135,908,Japan,ufd9s3ib
246.128.104.250,973,Ukraine,13u9tz6l
208.141.77.38,176,India,gke7bocf
170.104.76.158,179,Australia,gwvx31km
211.232.48.225,107,Australia,n7uyj9ko
50.231.85.138,430,Japan,oiz6ibi4
7.220.103.111,208,Australia,vt6837t1
199.240.74.202,9,USA,lf1e9sta
76.3.214.209,208,Germany,u3af8mx2
195.90.167.80,230,Germany,c7u24eud
48.243.237.243,557,Canada,4jrjlrib
238.182.2.99,635,France,xfflcvow
208.78.69.142,977,India,anbqxwma
167.36.20.238,416,Germany,gudakexv
136.174.91.127,962,Australia,7stjpdee
130.51.171.138,202,Australia,px8dquse
108.97.5.71,72,UK,auk83p3q
249.108.37.209,510,Ukraine,aw79x8va
78.191.238.81,988,Ukraine,q3a9ehx2
163.191.143.8,933,Germany,t7y7kz0a
208.33.99.163,418,Japan,r1wlo3ce
188.200.169.229,21,USA,v0s5oh17
76.169.155.68,708,Poland,vmihk4bc
124.60.92.46,212,Canada,y3riccg1
44.147.30.134,443,France,vx4298zz
116.143.148.192,518,France,6rmtrqjl
121.18.203.13,474,UK,ck60pi2t
143.250.110.175,269,UK,nuhqwc77
144.97.207.10,94,USA,r24yc3mq
210.91.133.80,482,Canada,69km83lv
20.56.161.6,877,Poland,0skunztl
124.6.125.87,462,Poland,37wwcqzr
209.150.88.242,464,Canada,z1g1r38b
95.156.160.52,857,France,78ipfe02
129.203.23.218,934,Australia,wx10ye8m
36.200.170.94,542,Australia,jctds4bx
197.238.254.135,536,Australia,mzmlwg0p
180.142.202.32,621,USA,98hq0yy4
94.84.48.169,169,Germany,0wm5ydcx
93.27.108.218,138,Japan,2jq4rvmt
153.212.66.134,394,Poland,rpuyhlrz
244.254.219.236,631,USA,h0h8t821
127.145.58.232,113,UK,6564qxkz
187.148.56.123,73,UK,acgi8gp7
14.6.138.239,967,Poland,ome8gx06
88.248.237.17,157,Poland,t8v4xosn
57.186.158.195,570,Canada,wjd8p87s
165.203.46.100,722,India,rdj9h9g3
152.138.176.201,876,USA,o0ps40hd
147.199.80.5,306,USA,bzw9o5f2
166.117.48.211,190,Australia,4ikcsikb
7.30.178.146,793,USA,8137fuc7
49.178.219.97,845,Poland,gjvke70v
102.105.177.52,16,Ukraine,ybm28f0z
48.248.102.57,772,France,4qxm1o6m
15.221.30.35,623,Poland,3xay3hfo
188.78.192.204,412,Australia,xe23n9xd
232.198.25.154,991,UK,x917i0t7
41.166.247.70,901,USA,5ntoj1n5
190.18.165.105,238,Canada,gtgex9nf
217.6.154.252,716,India,f7fuebxm
153.185.138.52,871,Germany,enk8a3nh
136.64.82.120,369,UK,v400mwha
196.255.210.100,534,India,b4foa27h
230.81.66.232,773,France,sk5kaedx
21.23.85.36,648,Germany,fymnrzsg
56.70.176.88,679,Poland,138k1hbz
191.191.199.12,918,Canada,zky3dirc
231.142.11.207,856,Poland,jud83mzv
54.176.252.43,738,Poland,bo6dtn8n
135.232.199.181,203,France,kfcjswly
208.218.112.58,176,Poland,9r2halgv
229.215.214.49,862,Canada,6hlriigq
79.80.118.19,670,Australia,cunfcv2i
103.102.221.93,247,Japan,xysntufk
116.213.105.42,768,India,gq4xvohf
50.249.137.184,828,UK,5uewkutk
146.123.1.18,20,India,qjesndp4
38.4.232.109,984,France,qoebbeds
48.11.114.139,85,Ukraine,rkmfe3x8
57.71.136.164,144,France,fie3z8wb
21.189.70.237,96,Australia,0d9r3syf
34.119.132.42,965,Poland,8399s9wh
243.223.107.75,254,Australia,1v4kvg8z
209.188.242.42,737,USA,f75kmj0g
91.33.23.227,110,Ukraine,j01hphn3
229.113.28.159,140,Germany,8omhm8oq
184.93.13.26,446,Japan,25lbdl8d
178.122.181.158,642,India,k8vs6yvk
245.198.89.229,297,Germany,sl4ax33g
28.116.127.180,31,Japan,36jbvome
138.126.10.143,133,USA,6yfrgtn4
105.68.173.159,832,India,3r1ioobw
236.238.173.173,678,UK,b4rcdv6e
114.248.86.227,945,Japan,6qmgckmn
53.196.121.169,718,USA,9mseljzs
167.22.36.188,881,Australia,o0gpu13q
166.19.8.204,447,USA,c63t9q7k
13.191.217.93,196,UK,19cvhwg6
28.53.92.10,732,Germany,zt2ktzr7
164.234.176.171,847,Canada,i2kpxt41
252.65.107.161,800,Germany,ds1vj327
22.186.209.52,723,UK,6m2c6nr6
156.205.165.35,288,Germany,rb8v26ek
219.244.117.55,420,Ukraine,8313u7fo
136.60.54.200,835,Australia,zdrntcl6
125.112.245.114,618,Ukraine,k16vbtbm
203.135.233.113,857,UK,g3xcz3wz
88.148.107.12,423,France,2ppwedkr
185.29.153.38,220,Japan,cl2ipegy
93.162.60.24,969,UK,qvkklrq8
199.3.252.232,671,Poland,m6zutxoi
203.238.215.30,505,UK,z51ral8c
196.105.229.248,945,Australia,74s6st9n
217.148.46.243,803,USA,ueg13cf2
120.249.43.237,793,Germany,lvbsaw34
225.181.143.201,112,Ukraine,tp95o2jp
18.13.244.152,592,Canada,iqxa7z1r
3.166.10.145,881,Japan,xfa1dx1f
186.183.56.133,456,Poland,h2bfli53
47.241.19.37,225,USA,rh8ykxj6
82.147.153.95,161,Canada,5wktmkrw
68.165.141.100,297,Germany,xawq3h1w
248.4.12.150,247,Canada,2rqwf86p
238.85.115.3,822,UK,ikumf73r
207.63.253.246,809,Japan,t2j9p7rr
158.124.60.100,472,India,w1zhhn8g
191.229.249.71,170,Poland,xeljbhmo
146.214.58.207,937,UK,6ei5cutm
102.92.224.101,765,Ukraine,cz7tzrl7
163.41.122.111,458,USA,zsnwphgc
67.92.159.126,668,Canada,1s3z49b2
208.88.73.117,218,Ukraine,y1jos458
111.91.31.163,54,France,mrwwz6z5
55.176.248.166,406,India,zflsdq0e
58.200.26.143,603,France,o2drottt
41.191.138.160,160,Canada,6eyqhj1u
86.242.161.170,627,Australia,f8y2tame
126.212.177.77,864,USA,g2nfaah8
196.190.157.156,284,Australia,xol6boct
176.25.42.44,219,UK,vdsvxvbj
193.144.110.215,520,Australia,2zc0e6oy
74.170.59.207,227,Japan,xvbc367a
83.120.203.131,69,Ukraine,wuz5u6d4
155.131.217.29,345,UK,khlnfery
112.240.31.37,224,Canada,4wbiqitn
155.96.205.204,781,Germany,ndiqvay0
58.156.13.138,109,Canada,1ek7wx9g
142.213.244.5,442,Ukraine,3yuwa0qn
218.51.126.73,769,UK,n0bxdy3s
199.62.41.191,864,Canada,8rck7ygr
220.130.172.137,255,Australia,zi3nockq
112.243.148.246,434,Ukraine,tx2c7imp
152.254.3.132,458,USA,xdwlybg4
150.136.69.118,565,Canada,jhjcn4ng
42.31.64.48,60,UK,v2sw8xor
16.79.20.136,633,India,nhzp6m24
216.222.190.152,480,Australia,shpntqn0
30.241.7.226,196,France,1d2avua4
222.27.204.173,892,India,ehy3q1y5
101.17.88.139,448,USA,rir3nw2u
169.75.55.70,14,UK,aq0t3vtp
194.9.216.131,427,UK,nv518gyx
236.53.207.106,364,USA,26thayxc
244.212.38.151,869,Ukraine,05d0un0g
75.241.65.143,550,USA,3lnkv37n
170.130.240.95,537,India,bp1z1m0a
208.59.184.77,328,USA,1misv92d
115.179.121.41,631,Canada,0wxleo9f
72.95.91.58,461,Poland,ulo1aukj
229.77.53.221,138,Poland,kciv4nq3
195.88.249.26,798,France,gay2g0ok
141.159.60.245,438,France,3k8pcb70
236.71.123.198,118,UK,cdgvjvke
71.5.78.171,975,France,1zds0dxs
78.121.44.250,550,Ukraine,uek2kjvv
141.157.109.246,428,Canada,81pj0a5c
35.128.35.54,115,UK,o9iicwtq
205.10.210.196,491,Canada,1x2q2xew
140.180.119.188,284,USA,v76n4kdh
201.184.172.3,56,France,6bffz3zx
242.76.69.65,101,Australia,qkdokwq2
181.21.43.107,105,Poland,4dnenvyg
143.9.147.105,154,USA,7q6bhg6j
206.21.228.34,185,Canada,2j0o03ux
51.92.176.60,719,Japan,ofvyjqui
3.162.48.138,930,USA,almldc1b
133.104.237.22,774,Canada,mrth1d51
62.175.240.207,578,France,1gl84595
8.98.13.8,369,Germany,zsr5dt3l
70.228.100.181,881,France,ro4jnkb2
223.222.197.191,179,Japan,htj06yau
191.102.50.84,536,Germany,n9zm3sed
39.23.24.192,27,France,tie8gaj4
36.31.214.178,344,Canada,7mfm4w6t
104.106.181.192,305,Poland,k50277ze
42.202.238.183,239,UK,lfa28r0v
20.68.197.12,699,Germany,914uyxml
198.199.179.168,94,Ukraine,x75n7xc9
211.105.222.62,978,India,v6fral0t
207.3.110.166,152,Poland,w808d6hl
206.160.144.75,817,Canada,pddyhdof
226.111.49.60,890,Japan,kvanapfl
183.43.150.38,215,Ukraine,wp8ka0x1
18.64.236.196,578,Japan,gih76p9t
1.187.59.49,25,Ukraine,lry4c5u6
14.34.164.120,979,USA,qe2mlnxu
243.165.53.46,839,Japan,hcuehdbr
212.154.71.165,831,Canada,gxh1iz5t
139.252.220.215,759,India,srdt352m
63.171.125.78,643,Canada,hjn868bc
249.200.193.120,946,Ukraine,fw3wq7x6
244.41.232.91,50,UK,hsje5oc8
43.251.92.183,431,Australia,araycsjs
111.172.20.85,434,Australia,pptap3gn
176.87.202.109,646,France,lmozh9ex
151.218.137.11,91,Poland,2td8ie0m
150.85.4.232,441,France,6x2h46od
114.178.129.161,281,Germany,o4wnakzq
21.204.103.33,474,UK,e76wnwq7
13.147.129.172,687,Ukraine,aygeenr0
254.212.152.190,75,Japan,tmfhpcf0
89.246.14.240,586,USA,3go3w6gb
113.42.137.162,882,UK,fbochxcd
183.171.51.235,14,France,ceq5ejye
238.16.188.49,943,Japan,v0ulw57c
56.24.218.15,530,France,eo5dshsg
158.94.45.39,52,Australia,d8rpiq5p
41.119.45.150,395,India,unxwmu3k
87.182.151.61,173,USA,mf993a3y
85.239.48.12,968,Ukraine,uyh0uxbg
76.24.34.202,870,Canada,mkc5q4tz
66.91.237.91,684,Germany,qr1fjpor
246.216.234.81,415,Canada,xzx25r06
34.155.10.100,597,Germany,0rufidck
169.139.230.181,499,India,351i9l8w
109.176.68.117,270,Germany,mt5ethwi
248.36.188.29,427,Japan,t6en7r68
172.184.84.213,779,India,zzd6ebdy
131.192.6.142,269,USA,t8kvagvb
229.47.9.159,446,France,yk892zli
36.247.140.242,805,USA,nyx4411x
55.81.220.13,640,Australia,2sw0lxsc
236.45.43.113,92,USA,dgamk11l
25.222.41.39,118,USA,crytahv2
207.133.66.117,723,India,7hkksbq8
13.70.150.89,343,UK,dkdimmx9
88.161.168.122,225,France,nibk45d0
207.135.76.236,365,UK,v8xn4lcf
66.106.179.89,346,Japan,0wsajywr
91.61.163.93,727,UK,ndoqavyb
50.181.110.254,403,India,13kkhcwk
154.31.211.214,843,Poland,uz98umt3
132.112.124.52,228,Ukraine,ajjwrjx4
214.203.76.78,730,Japan,5ahgvdfh
218.199.33.74,279,Canada,4pkl7dzn
195.122.40.211,190,Australia,49iummkz
132.140.79.71,771,France,rcsfbuww
85.134.199.203,213,India,hzlhqbho
221.117.210.240,722,France,0epq9kv2
156.194.141.43,326,Poland,4qjtxrc9
187.138.242.211,550,Poland,jqfoyvgx
31.130.170.222,813,Poland,vd3cxqo9
79.216.42.226,306,Canada,08gpbci7
88.56.55.50,341,USA,qcjy5j26
71.19.36.191,89,UK,x7jzl4mo
21.247.2.163,474,Australia,adefzcvf
187.5.155.169,916,Poland,8jk2wt9z
151.96.182.200,680,USA,75s815cg
197.20.126.158,134,USA,x795crhp
92.35.81.218,820,Canada,ut2yn5qa
236.242.184.140,823,Poland,lhlvu7nq
23.73.127.190,494,France,5cj9c5an
9.226.237.252,722,Germany,407itmk5
150.105.46.118,219,India,20vi0np9
186.46.3.202,154,Ukraine,x9vabo9n
77.92.15.9,366,Poland,cwylfdr9
207.12.187.247,178,Poland,17jd8h7g
80.113.6.23,217,Australia,vvh329fn
234.120.242.152,688,France,m76kh9qp
252.15.152.46,585,Japan,2rs9duzm
245.88.77.42,308,USA,7ow1tc3k
20.220.141.64,97,Japan,1umzdg7a
73.242.131.133,592,UK,g15ku507
17.114.116.36,149,India,1v9j6jrt
73.80.226.140,628,Ukraine,5y2cdqek
174.102.158.146,446,Canada,qdddvurh
159.24.227.237,746,USA,12b7xk30
83.223.159.34,354,France,8u7i9zcm
213.119.62.18,292,Poland,46qk1l60
168.88.172.2,852,India,jllmusvm
254.79.57.10,443,Japan,s77833kl
99.184.32.167,24,UK,fitrnkow
191.193.116.99,771,USA,tg77w5dq
232.10.209.148,955,France,vp5xar13
159.166.68.39,181,Germany,21dr0fn8
94.131.12.84,252,India,1y8pfp5h
173.191.200.93,899,India,s4vafxai
190.36.44.188,997,Ukraine,1402zowb
78.35.1.152,42,USA,ql066ug2
54.76.35.122,812,India,5r4o9a35
72.106.82.209,446,Poland,87cd6wch
15.29.141.103,211,Germany,mqypodch
52.145.174.173,236,Germany,iclhmmdl
172.61.225.179,721,Canada,87ndq7f5
127.223.81.197,577,Canada,v6ys1w96
178.232.41.71,258,France,x5rltqoh
250.176.80.93,559,India,a5hoq6nh
234.232.207.201,80,France,27sfsjgu
35.71.108.169,818,Poland,lys889an
88.128.140.47,276,Japan,lt236sru
26.195.123.77,819,France,nzi0d718
112.84.214.210,806,Poland,onr9jyeg
179.184.75.61,926,Germany,gev8hsis
208.242.227.101,890,Ukraine,n8no43ya
111.44.56.54,462,Poland,lfirocxo
176.177.10.22,98,Germany,dnee26ah
30.188.30.97,454,USA,eofte5j0
19.124.66.85,650,USA,8xue3lqw
202.162.56.72,58,Ukraine,g5fe2ncp
187.1.9.220,795,USA,3346ok0o
254.69.161.121,512,Australia,z9tlr24i
182.173.36.72,536,Japan,4kwtyer5
232.141.150.57,52,France,fmx0kyos
58.135.247.88,909,USA,xgu607cz
162.37.106.156,103,Australia,4lliays0
4.156.1.246,234,Ukraine,uxfbwh4u
65.59.56.118,142,India,bb6jargb
78.103.119.59,383,Germany,4q7x1up0
59.152.136.25,690,Japan,qmcrgced
60.111.193.186,502,India,z7vy1ypf
209.102.103.6,46,Poland,n34awsjb
24.42.67.239,19,Japan,ilifpop4
126.190.207.90,210,Australia,f0sittsp
239.209.239.187,237,Poland,zi2cdbvr
232.243.1.121,12,UK,tdv3rqot
115.31.110.159,871,UK,xs1q0m5b
132.84.249.16,896,Ukraine,lcpw1wcg
163.13.48.191,444,Japan,41aif3it
6.107.197.76,382,Canada,h46xp93n
39.87.40.181,866,Poland,62hgkx89
71.11.83.100,216,Australia,tlwiljtc
46.121.209.133,920,Australia,g9hv88a0
33.91.148.19,369,India,5vxxjp0k
107.211.135.8,849,Australia,g3jschor
222.106.21.193,591,France,lanyv7u2
223.116.229.100,755,USA,ue6vanwl
59.180.236.55,814,Japan,pouz2tft
31.132.192.74,798,France,5ivldr1b
180.3.37.49,746,India,ejogpwlz
17.57.19.29,861,Japan,mxt87lt5
96.94.221.93,289,USA,7ciud1iq
70.219.86.170,521,Germany,lj2u5l61
83.131.84.105,988,USA,8r1odqdy
253.73.134.119,356,Japan,eo5h5j2d
136.201.136.30,877,UK,4v2aqaw5
205.6.188.53,385,UK,d6pnhxiu
254.46.244.182,61,Japan,zuapdnfg
21.55.139.8,315,Poland,s3yf0y7b
234.255.101.209,617,France,810hi9iv
212.246.87.179,411,Ukraine,tu39rmr5
15.152.232.228,254,Canada,z49kxmyi
129.144.252.63,632,Germany,t5vlikb3
66.219.27.108,318,Poland,as0jd3bl
8.235.146.161,364,Australia,4i07na6k
90.135.22.209,114,India,zyaho3uc
160.105.160.211,279,India,mjfyfhkv
29.135.126.40,472,USA,rl07u4f2
200.246.238.35,496,Ukraine,wx72ee6y
160.228.244.112,165,Germany,072frl11
244.79.244.182,257,Canada,an2e16c5
190.10.67.41,243,UK,n4uku783
132.188.159.169,472,USA,99llr5b0
179.139.136.130,900,Germany,6dot8kjf
211.91.8.168,719,UK,cipjx5lh
71.123.104.216,246,USA,shtjqhjq
84.185.136.187,271,Poland,0poaxy8b
125.153.241.218,260,Poland,e4nmdmm4
194.119.163.91,160,Poland,b87qgm4z
29.182.211.44,465,USA,wej77sjj
179.142.170.144,230,Canada,lb9enznf
180.61.17.18,591,Australia,aq0bhywr
244.132.34.76,62,India,bwm5wy12
48.164.152.153,43,Ukraine,iaewpjmq
185.75.6.139,896,Poland,ogugtwq4
118.46.195.254,567,Canada,de9329tf
41.84.228.231,651,UK,0xqmvr46
96.120.96.154,96,Poland,qoayjxzq
78.143.59.203,241,Australia,myh8j0c0
206.22.102.6,616,Japan,yxzhbwv4
207.223.172.140,551,Poland,kuhzsjls
40.155.141.5,211,Canada,s9utjx10
143.103.183.112,109,Canada,6kzy7m4d
41.62.224.220,971,Ukraine,7njact52
173.42.219.254,509,France,v6mbtmyh
94.72.157.240,315,France,optie6e2
253.30.88.90,494,Ukraine,b3mslwh4
110.53.174.180,154,France,yy9hl4nr
86.155.198.81,106,France,wtzf2yes
7.167.245.179,731,Canada,vtubg6gq
44.60.36.88,156,Ukraine,0gjeka41
92.39.201.231,212,India,dcqa9ccf
226.217.158.171,36,Germany,h064hzjy
77.243.56.144,213,France,4yz3dk1i
103.117.246.187,512,USA,h4cmvxb2
182.108.63.140,133,Germany,7i3k8jma
86.19.52.92,469,Canada,wdka4nuo
234.31.234.156,322,Ukraine,7hc5w9rb
31.80.234.143,900,Canada,rgilcjuc
95.3.250.158,491,Ukraine,cqrygokj
166.164.110.32,709,UK,cf76erwf
14.218.23.25,283,USA,5qcau9be
184.229.189.48,767,UK,yo1n2as1
219.229.169.156,477,Australia,hgo7sbpg
98.120.87.18,131,UK,n168lvn3
147.187.27.207,745,UK,5agmz6wp
108.234.147.63,898,Poland,s7iwzb32
91.180.90.147,203,Germany,lrv6yy6q
79.192.248.142,962,Poland,hfba954p
178.11.149.28,817,Australia,kcgfiac5
187.170.252.1,819,France,im7cvzf8
132.90.122.116,694,USA,lc1m07ba
227.214.67.159,652,Australia,019pfs5z
167.9.71.121,299,Japan,7fyh3hgc
182.248.203.231,95,India,hvqwh0xm
194.101.12.84,616,UK,ya94g1ti
121.38.106.51,139,Poland,rc1f7dkx
181.240.241.138,205,Germany,32n7gl07
145.42.228.81,328,USA,fdfnhrnm
188.164.230.185,409,UK,bk2z7rj3
160.165.164.86,459,Ukraine,613f8o7n
54.187.79.159,929,Poland,8cgkzo3m
248.183.250.165,295,Poland,e8abyhx5
215.188.45.96,277,USA,07vi2mwt
83.135.42.141,774,France,22tscm75
114.117.174.71,112,Australia,e35togt9
176.244.128.170,641,Canada,msak0xfh
175.243.38.161,174,Australia,6xt989fh
175.66.42.240,169,France,3tq5632j
38.108.117.144,646,Japan,3yq7so1u
56.183.204.85,512,UK,2n62oqkn
108.185.61.247,977,USA,sd4y4ny6
19.3.242.37,392,USA,gm07xrmx
84.1.93.247,878,USA,s5uq8yzx
164.13.31.9,29,Ukraine,5akjxj8j
187.204.67.188,161,Canada,0ujf18gs
209.166.56.73,670,Australia,5ctxy8a0
246.112.189.76,422,Canada,2b0pse4y
2.240.243.175,902,UK,g7ldxjf3
214.55.151.174,405,France,cyewuoee
28.64.165.131,775,UK,mj64qe73
27.7.63.63,992,Germany,hhi624gz
210.221.218.225,750,India,327chu73
14.241.126.133,327,Japan,17a5kwf4
60.90.175.234,717,Germany,8jja2i1y
3.29.107.148,572,Japan,jxchibbl
127.26.18.130,816,India,w6x2lklp
147.104.155.42,769,USA,5s6w0q8h
184.162.253.61,689,UK,devce7zi
64.248.238.12,272,Australia,sh2l6qsi
173.39.86.137,58,India,7g5lzcb2
202.24.66.142,646,USA,62ermxkj
156.1.53.77,642,USA,u5j7zf5s
39.30.149.167,509,USA,zf3815z3
155.146.100.91,777,Australia,mqd0d5up
70.188.69.134,667,Germany,a8t6434m
159.23.170.1,998,UK,0s8lg4ha
139.141.208.214,87,Poland,lohpzz59
160.188.45.22,5,France,udi4orfn
127.37.211.92,947,France,k7sz92oz
97.66.87.145,615,Germany,tiuc7shy
139.190.57.179,153,Australia,197bgo1u
70.204.204.161,749,Australia,sq46hgvv
91.88.136.208,188,Poland,4447ql6g
180.165.98.41,636,Japan,raqk09xp
122.71.90.177,582,UK,osm7pddh
110.148.233.41,473,Ukraine,auvmq87h
197.195.251.239,51,USA,z3jpktj5
4.152.101.143,739,Poland,euqau0ty
15.67.37.137,145,Germany,iko6whhm
115.56.85.70,999,Germany,adfjpncw
182.172.250.76,97,India,wma3eaol
186.25.57.12,983,Japan,75h9p8hx
10.81.210.203,256,Poland,a48itxz4
140.202.141.184,463,France,dz5fxu71
64.18.24.111,274,Ukraine,p2ghk9j4
11.149.57.121,412,Germany,92mb2nzt
172.82.107.176,903,Ukraine,ndt2z4vq
31.101.175.172,579,Japan,0gpybw6e
236.97.213.107,657,Poland,k1bt18fu
113.180.116.240,355,Germany,yomzieo1
226.84.208.146,811,UK,0pu0dyjv
242.211.135.244,979,Japan,sahlseph
13.134.44.19,983,France,atpv8uv7
88.82.116.154,751,India,maodzwic
185.58.107.97,242,USA,o9fnj6r6
84.157.36.82,462,Germany,aeib79nr
24.79.96.68,555,Japan,84zzg6q8
209.88.125.251,696,USA,qov2y836
169.229.71.8,614,India,vu4an7t9
39.255.81.120,71,India,qhz9aw9x
160.127.53.250,596,Germany,yrz5ehm7
56.123.30.182,666,Canada,bdghdldh
56.131.225.44,685,India,71rsi55x
106.171.250.56,630,France,ob0cvx3j
77.146.189.170,335,UK,lbbd3b13
203.102.25.195,346,Poland,g0x1v6is
202.175.184.217,967,USA,xawzn7ba
126.153.63.252,636,USA,05ghsts6
177.178.155.206,378,UK,el0uba2o
197.234.145.181,977,Germany,yowwv3ei
207.126.232.161,189,France,s1iioo7b
29.207.130.128,497,USA,x9wvfpt6
210.20.110.95,107,Canada,6yx6kne5
244.252.99.94,185,Canada,7t6rh8ga
249.15.115.53,931,France,sujl2luz
217.204.54.165,815,Canada,wz1wtnqv
242.231.254.150,101,Australia,hxtchal9
192.48.184.97,766,Canada,46x6nnnm
88.47.228.119,65,Australia,4fnpu0gv
41.23.13.3,190,Poland,jdblyox2
127.166.65.105,257,Poland,pi44vv19
116.125.179.40,934,Ukraine,q259q2z5
49.105.17.3,483,Germany,n9xs0bic
91.4.230.72,82,USA,udq1kier
129.99.36.183,367,UK,q90epzki
12.167.72.202,795,Canada,lyulhb24
15.52.251.3,886,Ukraine,wvlaezid
123.243.227.26,127,Germany,c8llmaky
192.1.53.101,450,Japan,nthxjwa6
21.127.219.201,883,UK,di2hye9o
165.217.247.220,400,UK,5ta5wu4o
157.1.154.73,813,UK,ys7vb8eo
120.16.126.246,315,USA,4sf7rcmd
171.142.130.212,77,India,v0e7zrjy
18.77.184.154,515,Poland,i8sbkc72
119.246.220.211,323,France,6gp9un6z
176.18.129.69,551,USA,5d2bq74y
56.22.244.226,849,Japan,xlwgno5l
5.83.2.184,497,France,k7ah5jwc
136.32.164.193,553,Canada,u8yv4548
8.17.209.236,854,India,yw930o8y
137.183.20.112,873,Germany,0s1at5c3
172.107.16.181,338,Japan,c413w611
45.232.171.57,663,Australia,2yy24xd6
253.131.83.21,460,Canada,dsh9mf8d
73.44.139.38,14,Ukraine,xiuh48b7
178.59.211.138,446,Poland,7qons3h6
235.39.105.225,330,Poland,m43jwaoo
119.171.217.249,74,UK,9yvzbmg7
119.145.135.137,120,Poland,uhduswfb
103.86.226.216,162,France,j4dtrycb
10.113.4.124,229,Canada,now78xoq
84.120.14.105,167,Australia,kklwiggl
142.67.208.219,63,Australia,8cwbcktp
232.208.127.117,248,Poland,b2zv7b6r
64.229.252.143,67,Ukraine,tr48rio4
254.34.170.72,916,France,6pjgzb5h
227.17.250.44,252,USA,xbvdsxrn
122.45.239.140,430,Australia,d48yggqo
124.102.18.96,574,Australia,0gp4ky7j
238.229.200.68,746,Canada,wu5nudtk
100.71.112.95,217,Australia,ygswt5ro
80.228.177.99,26,Germany,msrrvvjq
232.135.216.221,632,Ukraine,74by1c4y
48.124.179.156,406,USA,mvyn60ff
235.40.243.19,777,Germany,5h1qpq55
218.226.25.151,382,Ukraine,rks2zryr
228.194.221.248,210,India,y4z0sjx8
168.174.85.191,504,France,durrlpw0
38.107.198.18,916,Poland,x3wu9lgq
42.32.190.157,198,Canada,sqljv5h2
254.25.193.116,912,India,es3b4rs7
166.13.147.243,522,Poland,fu8xx9pr
42.191.152.90,689,Japan,d42ft30d
204.35.27.132,18,Australia,vs9qu0nw
49.17.218.83,699,Ukraine,zwr7p2hr
59.105.106.15,593,UK,rvvjcf2d
239.145.72.72,90,Australia,s0npdqjx
137.186.52.5,938,UK,cvc5iv4a
23.16.154.149,931,Poland,dm9761b9
234.28.217.115,336,Poland,3wductp0
69.234.69.243,934,USA,699apxug
144.36.202.23,62,USA,rtm8d1jg
8.155.175.155,588,USA,anvocsum
175.46.37.37,148,Japan,778i3tgk
87.25.49.233,463,UK,533synx0
99.246.143.216,698,Japan,dm7b5m0y
132.61.137.74,300,Canada,ha6gdjmf
220.213.133.203,274,Australia,plwiy16s
138.8.13.70,868,Canada,beutocoe
247.228.149.235,258,Japan,7epuxkh7
215.244.41.215,708,Japan,djayn8t1
253.73.110.34,307,Poland,bozfm177
9.158.159.132,915,Japan,22s2cdxv
4.21.175.110,889,Canada,xn2n0hvm
154.160.68.165,652,USA,n2ymqg0l
177.226.16.253,777,Canada,xu5fpt5f
174.182.254.177,630,France,i0f6klre
173.97.156.72,216,USA,7n1cgxjh
233.38.10.180,574,USA,7r0ym4h8
244.74.9.178,452,Canada,lzfqiw7y
241.223.14.230,618,France,bg2e05pi
33.142.50.67,597,Germany,8nieatnr
221.126.145.22,455,France,8aar7iae
133.220.29.227,936,USA,v1eaddpg
171.135.108.161,466,UK,nq714r6i
236.189.22.151,905,Canada,hbjpdzqa
119.18.247.212,643,France,3ywmwqwe
17.128.112.111,104,France,gqj7iie3
187.180.217.73,135,Ukraine,jxb2tizc
43.70.108.149,180,France,knwvc53x
66.199.102.168,553,Ukraine,32vib1z5
85.16.200.55,25,Canada,cpbtebtm
78.104.202.139,237,UK,4kc3991g
154.21.100.27,949,Canada,349r0wou
30.110.202.88,672,Ukraine,xpz7a0ln
53.53.203.30,82,Germany,zs716a52
249.134.29.153,770,UK,lt13l7qk
207.210.50.81,318,Ukraine,tltuqosq
118.193.83.223,338,Ukraine,uzemztkz
9.173.123.123,207,USA,d25yk4ux
98.127.159.123,679,Germany,qrdeu16u
84.185.158.136,449,France,u34qci7p
68.203.68.94,444,Australia,07vanajr
140.148.176.173,779,Australia,zlhv9c4h
60.79.193.159,280,UK,mmaqrhbw
234.194.12.167,219,USA,55ulryvh
139.124.148.236,853,Japan,ngf2wedl
217.140.55.172,750,India,z3bjohku
45.244.214.195,979,Australia,iydzddw1
147.137.220.113,35,France,oshkg2m9
167.215.80.117,708,Poland,qii8uphh
